{
    "RMSE": 130.27404607560527,
    "MAPE": 2.34100882473499
}