{
    "RMSE": 435.7918738731237,
    "MAPE": 7.281398733128885
}