{
    "RMSE": 138.272820268913,
    "MAPE": 2.503187227572083
}