{
    "RMSE": 94.04005562163303,
    "MAPE": 1.7007996178920297
}