{
    "RMSE": 103.69785910850639,
    "MAPE": 1.84093888894165
}