{
    "RMSE": 166.65089926582064,
    "MAPE": 3.405223811767364
}