{
    "RMSE": 102.29816520603585,
    "MAPE": 1.7943504042623533
}