{
    "RMSE": 118.298887745949,
    "MAPE": 2.019048040618209
}