{
    "RMSE": 87.51310753885846,
    "MAPE": 1.5272742826518184
}