{
    "RMSE": 209.73469201121532,
    "MAPE": 4.23915317377906
}