{
    "RMSE": 245.0479784838295,
    "MAPE": 4.8395664191946395
}