{
    "RMSE": 120.50046312533031,
    "MAPE": 2.1345206660369724
}