{
    "RMSE": 220.260283951154,
    "MAPE": 4.09383899521617
}