{
    "RMSE": 184.34930205507015,
    "MAPE": 3.5560985006924604
}