{
    "RMSE": 444.7417946112565,
    "MAPE": 7.0576717785312635
}