{
    "RMSE": 139.35876890979733,
    "MAPE": 2.4979432671844792
}