{
    "RMSE": 91.73527129065675,
    "MAPE": 1.6035633473710735
}