{
    "RMSE": 736.9203678835524,
    "MAPE": 12.96084586428348
}