{
    "RMSE": 202.5248271585374,
    "MAPE": 3.9993844019879163
}