{
    "RMSE": 151.75063025768975,
    "MAPE": 2.860844666777631
}