{
    "RMSE": 92.16841176392816,
    "MAPE": 1.6492191867911274
}